{"nodeData":{"id":"1adc13eb15e57c17","topic":"new topic","root":true,"children":[{"topic":"asdfas","id":"1adc142dd5a11537","children":[{"topic":"adsf","id":"1adc14819bdcb38d"},{"topic":"asd","id":"1adc14c6920bc68a","children":[{"topic":"asd","id":"1adc1aab9383a26f","children":[{"topic":"asd","id":"1adc1b14942f7a44"}]}]},{"topic":"new node","id":"1adc14fc5f38fd4c"},{"topic":"adsf","id":"1adc152588d29a91"},{"topic":"asdf","id":"1adc19601cdcd9b6"}]},{"topic":"asdf","id":"1add48c7aa544e61","children":[{"topic":"asdf","id":"1add4917919fe495"}]},{"topic":"The quick brownie foxie","id":"1ade2085c2cd91a0"}]},"arrows":[],"summaries":[],"direction":1,"theme":{"name":"Latte","palette":["#dd7878","#ea76cb","#8839ef","#e64553","#fe640b","#df8e1d","#40a02b","#209fb5","#1e66f5","#7287fd"],"cssVar":{"--main-color":"#444446","--main-bgcolor":"#ffffff","--color":"#777777","--bgcolor":"#f6f6f6","--panel-color":"#444446","--panel-bgcolor":"#ffffff","--panel-border-color":"#eaeaea"}}}