{
	"formatVersion": 2,
	"appVersion": "0.96.0",
	"files": [
		{
			"isClone": false,
			"noteId": "AYpb7H2Vsztg",
			"notePath": [
				"AYpb7H2Vsztg"
			],
			"title": "Legacy geomap",
			"notePosition": 160,
			"prefix": null,
			"isExpanded": false,
			"type": "geoMap",
			"mime": "application/json",
			"attributes": [],
			"dataFileName": "Legacy geomap.json",
			"attachments": [],
			"dirFileName": "Legacy geomap",
			"children": [
				{
					"isClone": false,
					"noteId": "mOTqjOfGRe4Y",
					"notePath": [
						"AYpb7H2Vsztg",
						"mOTqjOfGRe4Y"
					],
					"title": "Item 1",
					"notePosition": 10,
					"prefix": null,
					"isExpanded": false,
					"type": "text",
					"mime": "text/html",
					"attributes": [
						{
							"type": "label",
							"name": "iconClass",
							"value": "bx bx-pin",
							"isInheritable": false,
							"position": 10
						},
						{
							"type": "label",
							"name": "geolocation",
							"value": "49.233242590363986,-2.1977694313806744",
							"isInheritable": false,
							"position": 20
						}
					],
					"format": "html",
					"dataFileName": "Item 1.html",
					"attachments": []
				},
				{
					"isClone": false,
					"noteId": "eE5yFqWwUTMA",
					"notePath": [
						"AYpb7H2Vsztg",
						"eE5yFqWwUTMA"
					],
					"title": "Item 2",
					"notePosition": 20,
					"prefix": null,
					"isExpanded": false,
					"type": "text",
					"mime": "text/html",
					"attributes": [
						{
							"type": "label",
							"name": "iconClass",
							"value": "bx bx-pin",
							"isInheritable": false,
							"position": 10
						},
						{
							"type": "label",
							"name": "geolocation",
							"value": "49.21822426665668,-2.1397364113150323",
							"isInheritable": false,
							"position": 20
						}
					],
					"format": "html",
					"dataFileName": "Item 2.html",
					"attachments": []
				},
				{
					"isClone": false,
					"noteId": "SroGW8cPZdnK",
					"notePath": [
						"AYpb7H2Vsztg",
						"SroGW8cPZdnK"
					],
					"title": "Item 3",
					"notePosition": 30,
					"prefix": null,
					"isExpanded": false,
					"type": "text",
					"mime": "text/html",
					"attributes": [
						{
							"type": "label",
							"name": "iconClass",
							"value": "bx bx-pin",
							"isInheritable": false,
							"position": 10
						},
						{
							"type": "label",
							"name": "geolocation",
							"value": "49.221362801110715,-2.047364326121792",
							"isInheritable": false,
							"position": 20
						}
					],
					"format": "html",
					"dataFileName": "Item 3.html",
					"attachments": []
				}
			]
		},
		{
			"noImport": true,
			"dataFileName": "navigation.html"
		},
		{
			"noImport": true,
			"dataFileName": "index.html"
		},
		{
			"noImport": true,
			"dataFileName": "style.css"
		}
	]
}