{"type":"excalidraw","version":2,"elements":[{"type":"rectangle","version":235,"versionNonce":92121392,"isDeleted":false,"id":"Nx_6ACJaaueNh0fTsVZeh","fillStyle":"hachure","strokeWidth":1,"strokeStyle":"solid","roughness":1,"opacity":100,"angle":0,"x":14.66796875,"y":8.13671875,"strokeColor":"#000000","backgroundColor":"#fa5252","width":247,"height":138,"seed":679323330,"groupIds":[],"strokeSharpness":"sharp","boundElements":[],"updated":1743367114827,"link":null,"index":"a0"},{"type":"arrow","version":143,"versionNonce":1500561872,"isDeleted":false,"id":"2bmK1AKg9yVMP6CO_U6Ke","fillStyle":"hachure","strokeWidth":1,"strokeStyle":"solid","roughness":1,"opacity":100,"angle":0,"x":216,"y":67,"strokeColor":"#000000","backgroundColor":"#fa5252","width":289,"height":46,"seed":1265574494,"groupIds":[],"strokeSharpness":"round","boundElements":[],"updated":1743367114827,"link":null,"lastCommittedPoint":null,"startArrowhead":null,"endArrowhead":"arrow","points":[[0,0],[289,46]],"index":"a1"},{"type":"ellipse","version":163,"versionNonce":1146159920,"isDeleted":false,"id":"TOmE_26Ye9b_m_TKfWU45","fillStyle":"hachure","strokeWidth":1,"strokeStyle":"solid","roughness":1,"opacity":100,"angle":0,"x":441,"y":31,"strokeColor":"#000000","backgroundColor":"#228be6","width":203,"height":191,"seed":77588894,"groupIds":[],"strokeSharpness":"sharp","boundElements":[],"updated":1743367114827,"link":null,"index":"a2"},{"type":"text","version":207,"versionNonce":664274896,"isDeleted":false,"id":"K5CjVJa8vYzQ8LDOdH-av","fillStyle":"hachure","strokeWidth":1,"strokeStyle":"solid","roughness":1,"opacity":100,"angle":0,"x":319.5,"y":20,"strokeColor":"#000000","backgroundColor":"#228be6","width":71.75,"height":null,"seed":317664926,"groupIds":[],"strokeSharpness":"sharp","boundElements":[],"updated":1743367114827,"link":null,"fontSize":20,"fontFamily":1,"text":"convert","baseline":18,"textAlign":"left","verticalAlign":"top","containerId":null,"originalText":"convert","index":"a3"},{"type":"diamond","version":140,"versionNonce":1135156528,"isDeleted":false,"id":"rZ0DKhdiE-mys9orY2M7Y","fillStyle":"solid","strokeWidth":1,"strokeStyle":"solid","roughness":1,"opacity":100,"angle":0,"x":335,"y":67,"strokeColor":"#000000","backgroundColor":"#228be6","width":31,"height":37,"seed":401619102,"groupIds":[],"strokeSharpness":"sharp","boundElements":[],"updated":1743367114827,"link":null,"index":"a4"},{"type":"line","version":203,"versionNonce":2095484368,"isDeleted":false,"id":"gWzx0Ka27J2gQYsjliI5u","fillStyle":"solid","strokeWidth":1,"strokeStyle":"dashed","roughness":1,"opacity":100,"angle":0,"x":147,"y":142,"strokeColor":"#000000","backgroundColor":"#228be6","width":124,"height":113,"seed":668475458,"groupIds":[],"strokeSharpness":"round","boundElements":[],"updated":1743367114827,"link":null,"lastCommittedPoint":null,"startArrowhead":null,"endArrowhead":null,"points":[[0,0],[124,113]],"index":"a5"},{"type":"rectangle","version":183,"versionNonce":351139632,"isDeleted":false,"id":"vPXlTlCV6XiWRo8z596tY","fillStyle":"cross-hatch","strokeWidth":1,"strokeStyle":"dotted","roughness":1,"opacity":100,"angle":0,"x":269,"y":240,"strokeColor":"#2b8a3e","backgroundColor":"#e6ffc8","width":144,"height":115,"seed":1313295006,"groupIds":[],"strokeSharpness":"sharp","boundElements":[],"updated":1743367114827,"link":null,"index":"a6"},{"type":"text","version":317,"versionNonce":1920226256,"isDeleted":false,"id":"NlWoiu7QFiUGoGhxxFDQz","fillStyle":"hachure","strokeWidth":1,"strokeStyle":"solid","roughness":1,"opacity":100,"angle":0,"x":290,"y":247,"strokeColor":"#2b8a3e","backgroundColor":"#228be6","width":53.36666488647461,"height":null,"seed":146698370,"groupIds":[],"strokeSharpness":"sharp","boundElements":[],"updated":1743367114827,"link":null,"fontSize":20,"fontFamily":1,"text":"List :\n- one\n- two","baseline":70,"textAlign":"left","verticalAlign":"top","containerId":null,"originalText":"List :\n- one\n- two","index":"a7"},{"type":"diamond","version":221,"versionNonce":1552388400,"isDeleted":false,"id":"4tqMpG7kcfLvu81ba12UQ","fillStyle":"solid","strokeWidth":1,"strokeStyle":"solid","roughness":1,"opacity":100,"angle":5.899784582143685,"x":283.37319488867206,"y":123.6942301852414,"strokeColor":"#000000","backgroundColor":"#fa5252","width":104.0405522208337,"height":74.00000000000001,"seed":1677737711,"groupIds":[],"strokeSharpness":"sharp","boundElements":[],"updated":1743367114827,"link":null,"index":"a8"},{"type":"rectangle","version":278,"versionNonce":1046043088,"isDeleted":false,"id":"79D3L3LhxNNySkbKD3Bia","fillStyle":"hachure","strokeWidth":1,"strokeStyle":"solid","roughness":1,"opacity":100,"angle":0.42451911970089906,"x":479.7715111234793,"y":259.96655309088374,"strokeColor":"#000000","backgroundColor":"#fa5252","width":128.50676566765082,"height":63,"seed":1447260752,"groupIds":[],"strokeSharpness":"sharp","boundElements":[],"updated":1743367114827,"link":null,"index":"a9"},{"type":"diamond","version":363,"versionNonce":1910369072,"isDeleted":false,"id":"ffrisBNjK3DyL4MRqDVUM","fillStyle":"solid","strokeWidth":1,"strokeStyle":"solid","roughness":1,"opacity":100,"angle":0.3893167218331426,"x":21.865547135620886,"y":174.8538070033551,"strokeColor":"#000000","backgroundColor":"#15aabf","width":87.26890572875811,"height":46.29238599328972,"seed":63592112,"groupIds":[],"strokeSharpness":"sharp","boundElements":[],"updated":1743367114827,"link":null,"index":"aA"},{"type":"rectangle","version":519,"versionNonce":330145744,"isDeleted":false,"id":"wxvV5tzdo2p3m4nBQf_fI","fillStyle":"hachure","strokeWidth":1,"strokeStyle":"solid","roughness":1,"opacity":100,"angle":5.997855886997452,"x":90.74789364500919,"y":293.3561760950281,"strokeColor":"#000000","backgroundColor":"#fab005","width":123.50421270998135,"height":35.287647809943806,"seed":1439819952,"groupIds":[],"strokeSharpness":"sharp","boundElements":[],"updated":1743367114827,"link":null,"index":"aB"},{"type":"line","version":167,"versionNonce":2136540464,"isDeleted":false,"id":"i2pQf0tOL1I7RZA6fHNXy","fillStyle":"cross-hatch","strokeWidth":1,"strokeStyle":"dotted","roughness":1,"opacity":100,"angle":0.3264344116289468,"x":129,"y":177,"strokeColor":"#a61e4d","backgroundColor":"#fab005","width":71,"height":80,"seed":969735782,"groupIds":[],"strokeSharpness":"sharp","boundElements":[],"updated":1743367114827,"link":null,"lastCommittedPoint":null,"startArrowhead":null,"endArrowhead":null,"points":[[0,0],[2,16],[12,40],[20,51],[36,64],[71,80]],"index":"aC"},{"type":"line","version":176,"versionNonce":42542544,"isDeleted":false,"id":"zTcY1DmmmEqtM7iaFOjI2","fillStyle":"cross-hatch","strokeWidth":1,"strokeStyle":"solid","roughness":1,"opacity":100,"angle":0,"x":24,"y":282,"strokeColor":"#087f5b","backgroundColor":"#fab005","width":81,"height":33,"seed":1314441594,"groupIds":[],"strokeSharpness":"sharp","boundElements":[],"updated":1743367114827,"link":null,"lastCommittedPoint":null,"startArrowhead":null,"endArrowhead":null,"points":[[0,0],[6,-22],[12,-29],[21,-30],[24,-29],[33,-17],[36,1],[37,2],[45,-29],[48,-29],[53,-31],[58,-31],[72,-23],[81,-8],[81,-4]],"index":"aD"},{"type":"rectangle","version":468,"versionNonce":576773936,"isDeleted":false,"id":"UqrOMUkW8i5NCxQf_EDc9","fillStyle":"hachure","strokeWidth":1,"strokeStyle":"solid","roughness":1,"opacity":100,"angle":0.11809202841909539,"x":190.3330910264575,"y":373.66279952417335,"strokeColor":"#000000","backgroundColor":"#be4bdb","width":90.33381794708485,"height":87.67440095165314,"seed":1466118630,"groupIds":[],"strokeSharpness":"sharp","boundElements":[],"updated":1743367114827,"link":null,"index":"aE"},{"type":"diamond","version":460,"versionNonce":1476651984,"isDeleted":false,"id":"06wK4k0VHVo3nl3maFgBt","fillStyle":"solid","strokeWidth":1,"strokeStyle":"solid","roughness":1,"opacity":100,"angle":5.137516099543635,"x":353.41738815890335,"y":394.61371445798545,"strokeColor":"#000000","backgroundColor":"#4c6ef5","width":80.89200154670186,"height":77.42001777890613,"seed":1789348282,"groupIds":[],"strokeSharpness":"sharp","boundElements":[],"updated":1743367114827,"link":null,"index":"aF"},{"type":"text","version":195,"versionNonce":190675248,"isDeleted":false,"id":"FExeJRXagFlMKEpW4ApvL","fillStyle":"cross-hatch","strokeWidth":1,"strokeStyle":"dotted","roughness":1,"opacity":100,"angle":5.9094584872140326,"x":35.78896794074159,"y":386.2393022458574,"strokeColor":"#d9480f","backgroundColor":"#4c6ef5","width":106.3499984741211,"height":null,"seed":152285754,"groupIds":[],"strokeSharpness":"sharp","boundElements":[],"updated":1743367114827,"link":null,"fontSize":20,"fontFamily":2,"text":"Rotated text","baseline":23,"textAlign":"left","verticalAlign":"top","containerId":null,"originalText":"Rotated text","index":"aG"},{"type":"arrow","version":364,"versionNonce":2117464528,"isDeleted":false,"id":"n7nmJZmGCpL1a6l1TdMeX","fillStyle":"hachure","strokeWidth":1,"strokeStyle":"solid","roughness":1,"opacity":100,"angle":0,"x":520.1576551164967,"y":338.6957163378038,"strokeColor":"#000000","backgroundColor":"#fa5252","width":78.65765511649664,"height":75.30428366219626,"seed":925954106,"groupIds":[],"strokeSharpness":"round","boundElements":[],"updated":1743367114827,"link":null,"lastCommittedPoint":null,"startArrowhead":null,"endArrowhead":"arrow","points":[[0,0],[-78.65765511649664,75.30428366219626]],"index":"aH"},{"type":"text","version":185,"versionNonce":498520880,"isDeleted":false,"id":"lU3Msnm2CTXBHi8Pzef0C","fillStyle":"cross-hatch","strokeWidth":1,"strokeStyle":"dotted","roughness":1,"opacity":100,"angle":0,"x":509.5,"y":392,"strokeColor":"#000000","backgroundColor":"#4c6ef5","width":128.88333129882812,"height":null,"seed":1839996922,"groupIds":[],"strokeSharpness":"sharp","boundElements":[],"updated":1743367114827,"link":null,"fontSize":20,"fontFamily":3,"text":"> some code","baseline":20,"textAlign":"left","verticalAlign":"top","containerId":null,"originalText":"> some code","index":"aI"},{"type":"text","version":511,"versionNonce":1547122640,"isDeleted":false,"id":"CdlqC6FutWnAhFgUa4-tK","fillStyle":"hachure","strokeWidth":1,"strokeStyle":"solid","roughness":1,"opacity":100,"angle":0,"x":34.326958955223915,"y":31.00810810810811,"strokeColor":"#c92a2a","backgroundColor":"#228be6","width":165.3333282470703,"height":null,"seed":168503609,"groupIds":[],"strokeSharpness":"sharp","boundElements":[],"updated":1743367114827,"link":null,"fontSize":39.25486991656494,"fontFamily":1,"text":"Big text","baseline":35,"textAlign":"left","verticalAlign":"top","containerId":null,"originalText":"Big text","index":"aJ"},{"type":"ellipse","version":306,"versionNonce":265612592,"isDeleted":false,"id":"lQb2o3G3uO-OSzJlv7dQf","fillStyle":"cross-hatch","strokeWidth":1,"strokeStyle":"solid","roughness":1,"opacity":100,"angle":5.987365538640589,"x":483.5,"y":118.5,"strokeColor":"#000000","backgroundColor":"#7950f2","width":133.00000000000003,"height":58.00000000000001,"seed":617054574,"groupIds":[],"strokeSharpness":"sharp","boundElements":[],"updated":1743367114827,"link":null,"index":"aK"}],"files":{},"appState":{"scrollX":255.921875,"scrollY":295.91526179206426,"zoom":{"value":1}}}