{
	"formatVersion": 2,
	"appVersion": "0.95.0",
	"files": [
		{
			"isClone": false,
			"noteId": "8rVRWoiDL1Do",
			"notePath": [
				"8rVRWoiDL1Do"
			],
			"title": "test",
			"notePosition": 10,
			"prefix": null,
			"isExpanded": false,
			"type": "text",
			"mime": "text/html",
			"attributes": [],
			"format": "html",
			"attachments": [],
			"dirFileName": "test",
			"children": [
				{
					"isClone": false,
					"noteId": "nuKT4Nw9gdAn",
					"notePath": [
						"8rVRWoiDL1Do",
						"nuKT4Nw9gdAn"
					],
					"title": "assets",
					"notePosition": 10,
					"prefix": null,
					"isExpanded": false,
					"type": "text",
					"mime": "text/html",
					"attributes": [],
					"format": "html",
					"attachments": [],
					"dirFileName": "assets",
					"children": [
						{
							"isClone": false,
							"noteId": "wyYEQU7k0bcb",
							"notePath": [
								"8rVRWoiDL1Do",
								"nuKT4Nw9gdAn",
								"wyYEQU7k0bcb"
							],
							"title": "2025-06-20 14-05-20.jpeg",
							"notePosition": 10,
							"prefix": null,
							"isExpanded": false,
							"type": "image",
							"mime": "image/jpeg",
							"attributes": [
								{
									"type": "label",
									"name": "originalFileName",
									"value": "2025-06-20_14-05-20.jpeg",
									"isInheritable": false,
									"position": 10
								}
							],
							"dataFileName": "2025-06-20 14-05-20.jpeg",
							"attachments": []
						},
						{
							"isClone": false,
							"noteId": "7Ijik7oITQKA",
							"notePath": [
								"8rVRWoiDL1Do",
								"nuKT4Nw9gdAn",
								"7Ijik7oITQKA"
							],
							"title": "2025-06-20 14-06-57.jpeg",
							"notePosition": 20,
							"prefix": null,
							"isExpanded": false,
							"type": "image",
							"mime": "image/jpeg",
							"attributes": [
								{
									"type": "label",
									"name": "originalFileName",
									"value": "2025-06-20_14-06-57.jpeg",
									"isInheritable": false,
									"position": 10
								}
							],
							"dataFileName": "2025-06-20 14-06-57.jpeg",
							"attachments": []
						},
						{
							"isClone": false,
							"noteId": "XYV2lzDeMEKF",
							"notePath": [
								"8rVRWoiDL1Do",
								"nuKT4Nw9gdAn",
								"XYV2lzDeMEKF"
							],
							"title": "2025-06-20 14-07-50.jpeg",
							"notePosition": 30,
							"prefix": null,
							"isExpanded": false,
							"type": "image",
							"mime": "image/jpeg",
							"attributes": [
								{
									"type": "label",
									"name": "originalFileName",
									"value": "2025-06-20_14-07-50.jpeg",
									"isInheritable": false,
									"position": 10
								}
							],
							"dataFileName": "2025-06-20 14-07-50.jpeg",
							"attachments": []
						},
						{
							"isClone": false,
							"noteId": "jKpghYAxyofM",
							"notePath": [
								"8rVRWoiDL1Do",
								"nuKT4Nw9gdAn",
								"jKpghYAxyofM"
							],
							"title": "2025-06-20 14-08-52.jpeg",
							"notePosition": 40,
							"prefix": null,
							"isExpanded": false,
							"type": "image",
							"mime": "image/jpeg",
							"attributes": [
								{
									"type": "label",
									"name": "originalFileName",
									"value": "2025-06-20_14-08-52.jpeg",
									"isInheritable": false,
									"position": 10
								}
							],
							"dataFileName": "2025-06-20 14-08-52.jpeg",
							"attachments": []
						},
						{
							"isClone": false,
							"noteId": "NCqhMiWlikte",
							"notePath": [
								"8rVRWoiDL1Do",
								"nuKT4Nw9gdAn",
								"NCqhMiWlikte"
							],
							"title": "banana.jpeg",
							"notePosition": 50,
							"prefix": null,
							"isExpanded": false,
							"type": "image",
							"mime": "image/jpeg",
							"attributes": [
								{
									"type": "label",
									"name": "originalFileName",
									"value": "banana.jpeg",
									"isInheritable": false,
									"position": 10
								}
							],
							"dataFileName": "banana.jpeg",
							"attachments": []
						}
					]
				},
				{
					"isClone": false,
					"noteId": "ely89vwdwo0g",
					"notePath": [
						"8rVRWoiDL1Do",
						"ely89vwdwo0g"
					],
					"title": "journal",
					"notePosition": 20,
					"prefix": null,
					"isExpanded": true,
					"type": "text",
					"mime": "text/html",
					"attributes": [],
					"format": "html",
					"attachments": [],
					"dirFileName": "journal",
					"children": [
						{
							"isClone": false,
							"noteId": "kJHBOW0yNZll",
							"notePath": [
								"8rVRWoiDL1Do",
								"ely89vwdwo0g",
								"kJHBOW0yNZll"
							],
							"title": "monday",
							"notePosition": 10,
							"prefix": null,
							"isExpanded": false,
							"type": "text",
							"mime": "text/markdown",
							"attributes": [
								{
									"type": "relation",
									"name": "imageLink",
									"value": "NCqhMiWlikte",
									"isInheritable": false,
									"position": 10
								},
								{
									"type": "relation",
									"name": "internalLink",
									"value": "O2fl1JVcCX70",
									"isInheritable": false,
									"position": 10
								}
							],
							"format": "html",
							"dataFileName": "monday.html",
							"attachments": []
						},
						{
							"isClone": false,
							"noteId": "3OKDgjraaPXK",
							"notePath": [
								"8rVRWoiDL1Do",
								"ely89vwdwo0g",
								"3OKDgjraaPXK"
							],
							"title": "tuesday",
							"notePosition": 20,
							"prefix": null,
							"isExpanded": false,
							"type": "text",
							"mime": "text/markdown",
							"attributes": [
								{
									"type": "relation",
									"name": "imageLink",
									"value": "wyYEQU7k0bcb",
									"isInheritable": false,
									"position": 10
								},
								{
									"type": "relation",
									"name": "internalLink",
									"value": "O2fl1JVcCX70",
									"isInheritable": false,
									"position": 10
								},
								{
									"type": "relation",
									"name": "internalLink",
									"value": "gumXt21wDnmZ",
									"isInheritable": false,
									"position": 10
								}
							],
							"format": "html",
							"dataFileName": "tuesday.html",
							"attachments": []
						},
						{
							"isClone": false,
							"noteId": "maKRyX07QCCF",
							"notePath": [
								"8rVRWoiDL1Do",
								"ely89vwdwo0g",
								"maKRyX07QCCF"
							],
							"title": "wednesday",
							"notePosition": 30,
							"prefix": null,
							"isExpanded": false,
							"type": "text",
							"mime": "text/markdown",
							"attributes": [
								{
									"type": "relation",
									"name": "internalLink",
									"value": "kJHBOW0yNZll",
									"isInheritable": false,
									"position": 10
								},
								{
									"type": "relation",
									"name": "imageLink",
									"value": "7Ijik7oITQKA",
									"isInheritable": false,
									"position": 20
								},
								{
									"type": "relation",
									"name": "internalLink",
									"value": "O2fl1JVcCX70",
									"isInheritable": false,
									"position": 20
								}
							],
							"format": "html",
							"dataFileName": "wednesday.html",
							"attachments": []
						}
					]
				},
				{
					"isClone": false,
					"noteId": "L4BguEgFK9dY",
					"notePath": [
						"8rVRWoiDL1Do",
						"L4BguEgFK9dY"
					],
					"title": "other",
					"notePosition": 30,
					"prefix": null,
					"isExpanded": true,
					"type": "text",
					"mime": "text/html",
					"attributes": [],
					"format": "html",
					"attachments": [],
					"dirFileName": "other",
					"children": [
						{
							"isClone": false,
							"noteId": "gumXt21wDnmZ",
							"notePath": [
								"8rVRWoiDL1Do",
								"L4BguEgFK9dY",
								"gumXt21wDnmZ"
							],
							"title": "bob",
							"notePosition": 10,
							"prefix": null,
							"isExpanded": false,
							"type": "text",
							"mime": "text/markdown",
							"attributes": [
								{
									"type": "relation",
									"name": "imageLink",
									"value": "jKpghYAxyofM",
									"isInheritable": false,
									"position": 10
								}
							],
							"format": "html",
							"dataFileName": "bob.html",
							"attachments": []
						},
						{
							"isClone": false,
							"noteId": "O2fl1JVcCX70",
							"notePath": [
								"8rVRWoiDL1Do",
								"L4BguEgFK9dY",
								"O2fl1JVcCX70"
							],
							"title": "shop",
							"notePosition": 20,
							"prefix": null,
							"isExpanded": false,
							"type": "text",
							"mime": "text/markdown",
							"attributes": [
								{
									"type": "relation",
									"name": "imageLink",
									"value": "XYV2lzDeMEKF",
									"isInheritable": false,
									"position": 10
								}
							],
							"format": "html",
							"dataFileName": "shop.html",
							"attachments": []
						}
					]
				},
				{
					"isClone": false,
					"noteId": "u7rbmGz4XMuE",
					"notePath": [
						"8rVRWoiDL1Do",
						"u7rbmGz4XMuE"
					],
					"title": ".silverbullet.db",
					"notePosition": 40,
					"prefix": null,
					"isExpanded": false,
					"type": "file",
					"mime": "application/octet-stream",
					"attributes": [
						{
							"type": "label",
							"name": "originalFileName",
							"value": ".silverbullet.db",
							"isInheritable": false,
							"position": 10
						}
					],
					"dataFileName": ".silverbullet.db",
					"attachments": []
				},
				{
					"isClone": false,
					"noteId": "97WeO9RP1aUN",
					"notePath": [
						"8rVRWoiDL1Do",
						"97WeO9RP1aUN"
					],
					"title": ".silverbullet.db-shm",
					"notePosition": 50,
					"prefix": null,
					"isExpanded": false,
					"type": "file",
					"mime": "application/octet-stream",
					"attributes": [
						{
							"type": "label",
							"name": "originalFileName",
							"value": ".silverbullet.db-shm",
							"isInheritable": false,
							"position": 10
						}
					],
					"dataFileName": ".silverbullet.db-shm",
					"attachments": []
				},
				{
					"isClone": false,
					"noteId": "hL0KrS1cwCkG",
					"notePath": [
						"8rVRWoiDL1Do",
						"hL0KrS1cwCkG"
					],
					"title": ".silverbullet.db-wal",
					"notePosition": 60,
					"prefix": null,
					"isExpanded": false,
					"type": "file",
					"mime": "application/octet-stream",
					"attributes": [
						{
							"type": "label",
							"name": "originalFileName",
							"value": ".silverbullet.db-wal",
							"isInheritable": false,
							"position": 10
						}
					],
					"dataFileName": ".silverbullet.db-wal",
					"attachments": []
				},
				{
					"isClone": false,
					"noteId": "P91nxQqghcS1",
					"notePath": [
						"8rVRWoiDL1Do",
						"P91nxQqghcS1"
					],
					"title": "index",
					"notePosition": 70,
					"prefix": null,
					"isExpanded": false,
					"type": "text",
					"mime": "text/markdown",
					"attributes": [],
					"format": "html",
					"dataFileName": "index.html",
					"attachments": []
				},
				{
					"isClone": false,
					"noteId": "TdQMHzu9mndV",
					"notePath": [
						"8rVRWoiDL1Do",
						"TdQMHzu9mndV"
					],
					"title": "SETTINGS",
					"notePosition": 80,
					"prefix": null,
					"isExpanded": false,
					"type": "text",
					"mime": "text/markdown",
					"attributes": [],
					"format": "html",
					"dataFileName": "SETTINGS.html",
					"attachments": []
				}
			]
		},
		{
			"noImport": true,
			"dataFileName": "navigation.html"
		},
		{
			"noImport": true,
			"dataFileName": "index.html"
		},
		{
			"noImport": true,
			"dataFileName": "style.css"
		}
	]
}